SourceName,SourceID,NAME,ID
刘守元,1755748572,超级草根,3546593842170195
刘守元,1755748572,UP主发电机,1453409239
刘守元,1755748572,花火招财喵,495535252
刘守元,1755748572,黄文祺,520295094
刘守元,1755748572,张镇辉台球教学,88895225
刘守元,1755748572,别赖了马师傅,405612476
刘守元,1755748572,赖益烨_,372185944
刘守元,1755748572,Air-China徐通,549751829
刘守元,1755748572,野球帝周嘉豪,691653477
刘守元,1755748572,悬赏小管家,686150641
刘守元,1755748572,官方认证小助手,320840078
刘守元,1755748572,孙那个鹏,1267890989
刘守元,1755748572,哔哩哔哩大会员,321173469
刘守元,1755748572,是郭雨妍,631583544
刘守元,1755748572,风一样的男子_郭小洋,628897896
刘守元,1755748572,超绝可爱激大励,473222648
刘守元,1755748572,李观洋,39733139
刘守元,1755748572,野球帝-陈一帆,395956483
刘守元,1755748572,超级草根郭师傅,479342898
刘守元,1755748572,超级草根魏师傅呀,437911517
刘守元,1755748572,超级草根_王师傅,433456003
刘守元,1755748572,野球帝,170801610
超级草根,3546593842170195,电商带货小助手,2071465599
超级草根,3546593842170195,花火招财喵,495535252
超级草根,3546593842170195,超绝可爱激大励,473222648
超级草根,3546593842170195,刘守元_,1755748572
超级草根,3546593842170195,野球帝-陈一帆,395956483
超级草根,3546593842170195,是郭雨妍,631583544
超级草根,3546593842170195,赖益烨_,372185944
超级草根,3546593842170195,别赖了马师傅,405612476
超级草根,3546593842170195,风一样的男子_郭小洋,628897896
超级草根,3546593842170195,超级草根魏师傅呀,437911517
超级草根,3546593842170195,超级草根郭师傅,479342898
超级草根,3546593842170195,超级草根_王师傅,433456003
黄文祺,520295094,AirChina高荣,179672178
黄文祺,520295094,范李猿,63486758
黄文祺,520295094,陳国豪i,2099377127
黄文祺,520295094,凯圣王,2100737396
黄文祺,520295094,小王是大王77,3494368738544232
黄文祺,520295094,凯瑞图Carry2,329096565
黄文祺,520295094,俊鸿,46508980
黄文祺,520295094,风一样的男子_郭小洋,628897896
黄文祺,520295094,赖益烨_,372185944
黄文祺,520295094,野球帝-陈一帆,395956483
黄文祺,520295094,超级草根_王师傅,433456003
黄文祺,520295094,刘守元_,1755748572
黄文祺,520295094,是瑶瑶呐_,31659183
黄文祺,520295094,Air-China徐通,549751829
黄文祺,520295094,张照洋,1475294799
黄文祺,520295094,超级草根郭师傅,479342898
黄文祺,520295094,别赖了马师傅,405612476
黄文祺,520295094,超绝可爱激大励,473222648
黄文祺,520295094,张晓松_,24219397
黄文祺,520295094,超级草根魏师傅呀,437911517
黄文祺,520295094,是郭雨妍,631583544
黄文祺,520295094,孙那个鹏,1267890989
黄文祺,520295094,胖哥球鞋故事,631631531
黄文祺,520295094,野球帝周嘉豪,691653477
黄文祺,520295094,李斯曼曼,510316010
黄文祺,520295094,杨策YC1,1130114889
黄文祺,520295094,野球帝,170801610
黄文祺,520295094,英语兔,483162496
黄文祺,520295094,暴击口语,433248184
黄文祺,520295094,昂克英文君,286263737
黄文祺,520295094,YouTube口语精选,454755309
黄文祺,520295094,mavis314,8883566
别赖了马师傅,405612476,花火招财喵,495535252
别赖了马师傅,405612476,张晓松_,24219397
别赖了马师傅,405612476,官方认证小助手,320840078
别赖了马师傅,405612476,CityHunt-Ebike,31430480
别赖了马师傅,405612476,庄维老师,541345162
别赖了马师傅,405612476,超级草根郭师傅,479342898
别赖了马师傅,405612476,野球帝逗师傅,522040394
别赖了马师傅,405612476,是郭雨妍,631583544
别赖了马师傅,405612476,赖益烨_,372185944
别赖了马师傅,405612476,李观洋,39733139
别赖了马师傅,405612476,哔哩哔哩大会员,321173469
别赖了马师傅,405612476,宫城种田-韩曙光,19700271
别赖了马师傅,405612476,宝藏男孩Li哥,139330
别赖了马师傅,405612476,老番茄,546195
别赖了马师傅,405612476,LexBurner,777536
别赖了马师傅,405612476,超级草根_王师傅,433456003
别赖了马师傅,405612476,超级草根魏师傅呀,437911517
别赖了马师傅,405612476,野球帝,170801610
别赖了马师傅,405612476,哔哩哔哩创作中心,37090048
别赖了马师傅,405612476,哔哩哔哩智能机,12076317
Air-China徐通,549751829,LIM-CSPOV,372881010
Air-China徐通,549751829,哔哩哔哩直播,9617619
Air-China徐通,549751829,是瑶瑶呐_,31659183
Air-China徐通,549751829,俊鸿,46508980
Air-China徐通,549751829,马哥巨离谱,298054634
Air-China徐通,549751829,张照洋,1475294799
Air-China徐通,549751829,野球帝周嘉豪,691653477
Air-China徐通,549751829,官方认证小助手,320840078
Air-China徐通,549751829,张晓松_,24219397
Air-China徐通,549751829,刘守元_,1755748572
Air-China徐通,549751829,野球帝-陈一帆,395956483
Air-China徐通,549751829,AirChina韩雨洋,427314035
Air-China徐通,549751829,超绝可爱激大励,473222648
Air-China徐通,549751829,野球帝逗师傅,522040394
Air-China徐通,549751829,李峙锦hyperkiller,631586576
Air-China徐通,549751829,风一样的男子_郭小洋,628897896
Air-China徐通,549751829,胖哥球鞋故事,631631531
Air-China徐通,549751829,是郭雨妍,631583544
Air-China徐通,549751829,赖益烨_,372185944
Air-China徐通,549751829,超级草根郭师傅,479342898
Air-China徐通,549751829,超级草根魏师傅呀,437911517
Air-China徐通,549751829,超级草根_王师傅,433456003
Air-China徐通,549751829,别赖了马师傅,405612476
Air-China徐通,549751829,李观洋,39733139
Air-China徐通,549751829,野球帝,170801610
野球帝周嘉豪,691653477,COURTMAN_筱雅,3493082569902656
野球帝周嘉豪,691653477,陳国豪i,2099377127
野球帝周嘉豪,691653477,WHIZZY11,361757209
野球帝周嘉豪,691653477,哔哩哔哩英雄联盟赛事,50329118
野球帝周嘉豪,691653477,华为,578227337
野球帝周嘉豪,691653477,孙那个鹏,1267890989
野球帝周嘉豪,691653477,黄文祺,520295094
野球帝周嘉豪,691653477,官方认证小助手,320840078
野球帝周嘉豪,691653477,是瑶瑶呐_,31659183
野球帝周嘉豪,691653477,杨策YC1,1130114889
野球帝周嘉豪,691653477,fhutxchh,2036784596
野球帝周嘉豪,691653477,胖哥球鞋故事,631631531
野球帝周嘉豪,691653477,云视听小电视-TV,492840942
野球帝周嘉豪,691653477,张晓松_,24219397
野球帝周嘉豪,691653477,野球帝逗师傅,522040394
野球帝周嘉豪,691653477,风一样的男子_郭小洋,628897896
野球帝周嘉豪,691653477,野球帝-陈一帆,395956483
野球帝周嘉豪,691653477,BlackBoy127,82671267
野球帝周嘉豪,691653477,哔哩哔哩大会员,321173469
野球帝周嘉豪,691653477,俊鸿,46508980
野球帝周嘉豪,691653477,花火招财喵,495535252
野球帝周嘉豪,691653477,超绝可爱激大励,473222648
野球帝周嘉豪,691653477,王贺还在努力,485640409
野球帝周嘉豪,691653477,张照洋,1475294799
野球帝周嘉豪,691653477,Air-China徐通,549751829
野球帝周嘉豪,691653477,刘守元_,1755748572
野球帝周嘉豪,691653477,王秋男,277821230
野球帝周嘉豪,691653477,李峙锦hyperkiller,631586576
野球帝周嘉豪,691653477,是郭雨妍,631583544
野球帝周嘉豪,691653477,别赖了马师傅,405612476
野球帝周嘉豪,691653477,超级草根魏师傅呀,437911517
野球帝周嘉豪,691653477,赖益烨_,372185944
野球帝周嘉豪,691653477,超级草根郭师傅,479342898
野球帝周嘉豪,691653477,李观洋,39733139
野球帝周嘉豪,691653477,野球帝,170801610
野球帝周嘉豪,691653477,超级草根_王师傅,433456003
野球帝周嘉豪,691653477,哔哩哔哩创作中心,37090048
悬赏小管家,686150641,英特尔中国,511744123
悬赏小管家,686150641,京东电器,79955050
悬赏小管家,686150641,AI-Talk,405083326
悬赏小管家,686150641,eSheep_电子羊,1693856846
悬赏小管家,686150641,林亦LYi,4401694
悬赏小管家,686150641,瞎问虾猜丶,646732586
悬赏小管家,686150641,亿点点不一样,407054668
悬赏小管家,686150641,@黎之恒,12330804
悬赏小管家,686150641,达尔闻,430777205
悬赏小管家,686150641,小jason整小活儿,22020402
悬赏小管家,686150641,若琪Rokid,314358436
悬赏小管家,686150641,晚点LatePost,478559884
悬赏小管家,686150641,602studio,1648997610
悬赏小管家,686150641,贤宝宝Baby,3957971
悬赏小管家,686150641,漠☆漠,2378908
悬赏小管家,686150641,Ksr桑,1848018
悬赏小管家,686150641,王朝1982,197703608
悬赏小管家,686150641,jewel梦工厂,43481203
悬赏小管家,686150641,闲人王昱珩,487435226
悬赏小管家,686150641,小椰子专栏,30947486
悬赏小管家,686150641,绫人太太啊,11131476
悬赏小管家,686150641,vivo,352063206
悬赏小管家,686150641,伊利,1422337450
悬赏小管家,686150641,零跑汽车Leapmotor,395854973
悬赏小管家,686150641,大家的音乐机,32708543
悬赏小管家,686150641,农业银行信用卡,1863894913
悬赏小管家,686150641,新华社,473837611
悬赏小管家,686150641,酷雪glacial_spa,1020211368
悬赏小管家,686150641,优酸乳,628599946
悬赏小管家,686150641,小剧场台柱子,439270509
悬赏小管家,686150641,才疏学浅的才浅,2200736
悬赏小管家,686150641,洛温阿特金森,30222764
悬赏小管家,686150641,现代汽车中国,697164042
悬赏小管家,686150641,支付宝Alipay,420831218
悬赏小管家,686150641,MIH,15680
悬赏小管家,686150641,超绝可爱激大励,473222648
悬赏小管家,686150641,京东,383666009
悬赏小管家,686150641,哔哩哔哩智能机,12076317
悬赏小管家,686150641,京东健康,1775691673
悬赏小管家,686150641,贝拉kira,672353429
悬赏小管家,686150641,腾讯小鹅拼拼,628826258
悬赏小管家,686150641,龙角散官方,605487280
悬赏小管家,686150641,一念逍遥手游,558205781
悬赏小管家,686150641,唯品会,1464627422
悬赏小管家,686150641,英伟达GeForce,485703766
悬赏小管家,686150641,洁柔,1010203255
悬赏小管家,686150641,坎公骑冠剑,384136794
悬赏小管家,686150641,赛博星人科技汪,394205865
悬赏小管家,686150641,追觅科技,601651357
悬赏小管家,686150641,下班被游戏打,32708316
悬赏小管家,686150641,光与夜之恋,434391603
悬赏小管家,686150641,核动力路灯,5878572
悬赏小管家,686150641,原神,401742377
悬赏小管家,686150641,哔哩哔哩会员购,174501086
悬赏小管家,686150641,哔哩哔哩大会员,321173469
悬赏小管家,686150641,叨叨雅Alen,1991543668
悬赏小管家,686150641,哔哩哔哩商业动态,278898145
悬赏小管家,686150641,吮指美食研究员,491461718
悬赏小管家,686150641,哔斯卡金像奖,32708626
悬赏小管家,686150641,傲娇的时尚喵,32708726
悬赏小管家,686150641,好奇星人知识喵,517491339
悬赏小管家,686150641,哔哩哔哩创作中心,37090048
孙那个鹏,1267890989,No-Solution篮球,511575069
孙那个鹏,1267890989,我叫孙火旺,586789337
孙那个鹏,1267890989,bili_3546579445221906,3546579445221906
孙那个鹏,1267890989,龙虎格斗Arlo,3494365175483192
孙那个鹏,1267890989,数学为王时代,3546675748538469
孙那个鹏,1267890989,伤心欲茄222,3493260618106936
孙那个鹏,1267890989,老黎和小黎,433136184
孙那个鹏,1267890989,汽车人老徐,433529460
孙那个鹏,1267890989,糖匠大老李,31771471
孙那个鹏,1267890989,小张再次出发,385889545
孙那个鹏,1267890989,恩惜爸爸拼命努力,3537110241905595
孙那个鹏,1267890989,球场脏无忌,1639855255
孙那个鹏,1267890989,脊医博士鹏哥,408907896
孙那个鹏,1267890989,在在在这里啊,386827273
孙那个鹏,1267890989,寻医记,586852307
孙那个鹏,1267890989,一波说酒,1717082507
孙那个鹏,1267890989,AI一叶扁舟,1492237636
孙那个鹏,1267890989,猴公爵,700885612
孙那个鹏,1267890989,只想安静恰番,620428819
孙那个鹏,1267890989,跟着Giovana地道学英语,2135839710
孙那个鹏,1267890989,哔哩哔哩直播,9617619
孙那个鹏,1267890989,一文炮br,360183037
孙那个鹏,1267890989,派森乐队-Poison,3494373949966680
孙那个鹏,1267890989,大聖JORDAN,9218009
孙那个鹏,1267890989,王德峰,514924891
孙那个鹏,1267890989,拳击张志磊,1984055699
孙那个鹏,1267890989,UP主发电机,1453409239
孙那个鹏,1267890989,马克油画,1480357573
孙那个鹏,1267890989,TheRock_Johnson,455876411
孙那个鹏,1267890989,凯圣王,2100737396
孙那个鹏,1267890989,音频老怪讲故事,1712664910
孙那个鹏,1267890989,李维刚的日常,3493260093819171
孙那个鹏,1267890989,陳国豪i,2099377127
孙那个鹏,1267890989,高尔夫教练童孝文,508026522
孙那个鹏,1267890989,高提士高尔夫教学,479707159
孙那个鹏,1267890989,李观洋,39733139
孙那个鹏,1267890989,张照洋,1475294799
孙那个鹏,1267890989,好运气王,3493093481384541
孙那个鹏,1267890989,Champ教练的精神氮泵,340529477
孙那个鹏,1267890989,HCL官方中文站,254566727
孙那个鹏,1267890989,凯瑞图Carry2,329096565
孙那个鹏,1267890989,艺能人金广发,38157763
孙那个鹏,1267890989,ENZO1204,177699597
孙那个鹏,1267890989,阿照路线规划,389158539
孙那个鹏,1267890989,皓篮球,1273265116
孙那个鹏,1267890989,翻译小余,346835669
孙那个鹏,1267890989,Telfair童,24524783
孙那个鹏,1267890989,大司马工作室,244144308
孙那个鹏,1267890989,Vas-y姐们儿,3493081175296945
孙那个鹏,1267890989,阿展ginger,5368952
孙那个鹏,1267890989,CBA南京同曦篮球俱乐部,1964501973
孙那个鹏,1267890989,邵艾伦Alan,4029133
孙那个鹏,1267890989,雨说体育徐静雨,306936843
孙那个鹏,1267890989,兰林汉的粉丝,226661554
孙那个鹏,1267890989,小Lin说,520819684
孙那个鹏,1267890989,哔哩哔哩大会员,321173469
孙那个鹏,1267890989,CmoStar电影厂,430510309
孙那个鹏,1267890989,Mandell博士,1473247194
孙那个鹏,1267890989,王尼玛,21031789
孙那个鹏,1267890989,SevenCourt,1925622160
孙那个鹏,1267890989,带来欢乐的小白呀,11632773
孙那个鹏,1267890989,花火招财喵,495535252
孙那个鹏,1267890989,野球帝-陈一帆,395956483
孙那个鹏,1267890989,王越真帅美男越越,287606909
孙那个鹏,1267890989,官方认证小助手,320840078
孙那个鹏,1267890989,刘守元_,1755748572
孙那个鹏,1267890989,体育课代表,477322873
孙那个鹏,1267890989,超绝可爱激大励,473222648
孙那个鹏,1267890989,野球帝逗师傅,522040394
孙那个鹏,1267890989,超级草根郭师傅,479342898
孙那个鹏,1267890989,超级草根魏师傅呀,437911517
孙那个鹏,1267890989,超级草根_王师傅,433456003
孙那个鹏,1267890989,野球帝,170801610
孙那个鹏,1267890989,向紫龙,413652151
孙那个鹏,1267890989,哔哩哔哩创作中心,37090048
是郭雨妍,631583544,超绝可爱激大励,473222648
是郭雨妍,631583544,超级草根,3546593842170195
是郭雨妍,631583544,黄文祺,520295094
是郭雨妍,631583544,AirChina杨浩,1385783859
是郭雨妍,631583544,张晓松_,24219397
是郭雨妍,631583544,胖哥球鞋故事,631631531
是郭雨妍,631583544,风一样的男子_郭小洋,628897896
是郭雨妍,631583544,王秋男,277821230
是郭雨妍,631583544,野球帝周嘉豪,691653477
是郭雨妍,631583544,野球帝-陈一帆,395956483
是郭雨妍,631583544,刘守元_,1755748572
是郭雨妍,631583544,Air-China徐通,549751829
是郭雨妍,631583544,李观洋,39733139
是郭雨妍,631583544,赖益烨_,372185944
是郭雨妍,631583544,别赖了马师傅,405612476
是郭雨妍,631583544,野球帝逗师傅,522040394
是郭雨妍,631583544,野球帝,170801610
风一样的男子_郭小洋,628897896,草原二蛋,517694777
风一样的男子_郭小洋,628897896,UP主发电机,1453409239
风一样的男子_郭小洋,628897896,超级草根,3546593842170195
风一样的男子_郭小洋,628897896,花火招财喵,495535252
风一样的男子_郭小洋,628897896,雨说体育徐静雨,306936843
风一样的男子_郭小洋,628897896,Telfair童,24524783
风一样的男子_郭小洋,628897896,阿斗归来了,21837784
风一样的男子_郭小洋,628897896,白东洋,1793966190
风一样的男子_郭小洋,628897896,吴彦祖秃顶版,411379495
风一样的男子_郭小洋,628897896,吸奇侠,414350632
风一样的男子_郭小洋,628897896,黄文祺,520295094
风一样的男子_郭小洋,628897896,张晓松_,24219397
风一样的男子_郭小洋,628897896,杨策YC1,1130114889
风一样的男子_郭小洋,628897896,店长盖伦,366901417
风一样的男子_郭小洋,628897896,农家老赵,555396508
风一样的男子_郭小洋,628897896,红警HBK08,1629347259
风一样的男子_郭小洋,628897896,刘守元_,1755748572
风一样的男子_郭小洋,628897896,红警魔鬼蓝天,483246073
风一样的男子_郭小洋,628897896,帅soserious,66391032
风一样的男子_郭小洋,628897896,俊鸿,46508980
风一样的男子_郭小洋,628897896,胖龙的小生活,649661652
风一样的男子_郭小洋,628897896,田野上的繁荣,588278127
风一样的男子_郭小洋,628897896,徐大sao,390461123
风一样的男子_郭小洋,628897896,野球帝-陈一帆,395956483
风一样的男子_郭小洋,628897896,翻车_哥,366989385
风一样的男子_郭小洋,628897896,AirChina韩雨洋,427314035
风一样的男子_郭小洋,628897896,AirChina杨浩,1385783859
风一样的男子_郭小洋,628897896,是郭雨妍,631583544
风一样的男子_郭小洋,628897896,超绝可爱激大励,473222648
风一样的男子_郭小洋,628897896,秋秋和老魏,523320861
风一样的男子_郭小洋,628897896,李观洋,39733139
风一样的男子_郭小洋,628897896,赖益烨_,372185944
风一样的男子_郭小洋,628897896,别赖了马师傅,405612476
风一样的男子_郭小洋,628897896,哔哩哔哩创作中心,37090048
风一样的男子_郭小洋,628897896,超级草根郭师傅,479342898
风一样的男子_郭小洋,628897896,野球帝逗师傅,522040394
风一样的男子_郭小洋,628897896,超级草根魏师傅呀,437911517
风一样的男子_郭小洋,628897896,超级草根_王师傅,433456003
风一样的男子_郭小洋,628897896,野球帝,170801610
刘守元,1755748572,超级草根,3546593842170195
刘守元,1755748572,UP主发电机,1453409239
刘守元,1755748572,花火招财喵,495535252
刘守元,1755748572,黄文祺,520295094
刘守元,1755748572,张镇辉台球教学,88895225
刘守元,1755748572,别赖了马师傅,405612476
刘守元,1755748572,赖益烨_,372185944
刘守元,1755748572,Air-China徐通,549751829
刘守元,1755748572,野球帝周嘉豪,691653477
刘守元,1755748572,悬赏小管家,686150641
刘守元,1755748572,官方认证小助手,320840078
刘守元,1755748572,孙那个鹏,1267890989
刘守元,1755748572,哔哩哔哩大会员,321173469
刘守元,1755748572,是郭雨妍,631583544
刘守元,1755748572,风一样的男子_郭小洋,628897896
刘守元,1755748572,超绝可爱激大励,473222648
刘守元,1755748572,李观洋,39733139
刘守元,1755748572,野球帝-陈一帆,395956483
刘守元,1755748572,超级草根郭师傅,479342898
刘守元,1755748572,超级草根魏师傅呀,437911517
刘守元,1755748572,超级草根_王师傅,433456003
刘守元,1755748572,野球帝,170801610
超级草根,3546593842170195,电商带货小助手,2071465599
超级草根,3546593842170195,花火招财喵,495535252
超级草根,3546593842170195,超绝可爱激大励,473222648
超级草根,3546593842170195,刘守元_,1755748572
超级草根,3546593842170195,野球帝-陈一帆,395956483
超级草根,3546593842170195,是郭雨妍,631583544
超级草根,3546593842170195,赖益烨_,372185944
超级草根,3546593842170195,别赖了马师傅,405612476
超级草根,3546593842170195,风一样的男子_郭小洋,628897896
超级草根,3546593842170195,超级草根魏师傅呀,437911517
超级草根,3546593842170195,超级草根郭师傅,479342898
超级草根,3546593842170195,超级草根_王师傅,433456003
黄文祺,520295094,AirChina高荣,179672178
黄文祺,520295094,范李猿,63486758
黄文祺,520295094,陳国豪i,2099377127
黄文祺,520295094,凯圣王,2100737396
黄文祺,520295094,小王是大王77,3494368738544232
黄文祺,520295094,凯瑞图Carry2,329096565
黄文祺,520295094,俊鸿,46508980
黄文祺,520295094,风一样的男子_郭小洋,628897896
黄文祺,520295094,赖益烨_,372185944
黄文祺,520295094,野球帝-陈一帆,395956483
黄文祺,520295094,超级草根_王师傅,433456003
黄文祺,520295094,刘守元_,1755748572
黄文祺,520295094,是瑶瑶呐_,31659183
黄文祺,520295094,Air-China徐通,549751829
黄文祺,520295094,张照洋,1475294799
黄文祺,520295094,超级草根郭师傅,479342898
黄文祺,520295094,别赖了马师傅,405612476
黄文祺,520295094,超绝可爱激大励,473222648
黄文祺,520295094,张晓松_,24219397
黄文祺,520295094,超级草根魏师傅呀,437911517
黄文祺,520295094,是郭雨妍,631583544
黄文祺,520295094,孙那个鹏,1267890989
黄文祺,520295094,胖哥球鞋故事,631631531
黄文祺,520295094,野球帝周嘉豪,691653477
黄文祺,520295094,李斯曼曼,510316010
黄文祺,520295094,杨策YC1,1130114889
黄文祺,520295094,野球帝,170801610
黄文祺,520295094,英语兔,483162496
黄文祺,520295094,暴击口语,433248184
黄文祺,520295094,昂克英文君,286263737
黄文祺,520295094,YouTube口语精选,454755309
黄文祺,520295094,mavis314,8883566
别赖了马师傅,405612476,花火招财喵,495535252
别赖了马师傅,405612476,张晓松_,24219397
别赖了马师傅,405612476,官方认证小助手,320840078
别赖了马师傅,405612476,CityHunt-Ebike,31430480
别赖了马师傅,405612476,庄维老师,541345162
别赖了马师傅,405612476,超级草根郭师傅,479342898
别赖了马师傅,405612476,野球帝逗师傅,522040394
别赖了马师傅,405612476,是郭雨妍,631583544
别赖了马师傅,405612476,赖益烨_,372185944
别赖了马师傅,405612476,李观洋,39733139
别赖了马师傅,405612476,哔哩哔哩大会员,321173469
别赖了马师傅,405612476,宫城种田-韩曙光,19700271
别赖了马师傅,405612476,宝藏男孩Li哥,139330
别赖了马师傅,405612476,老番茄,546195
别赖了马师傅,405612476,LexBurner,777536
别赖了马师傅,405612476,超级草根_王师傅,433456003
别赖了马师傅,405612476,超级草根魏师傅呀,437911517
别赖了马师傅,405612476,野球帝,170801610
别赖了马师傅,405612476,哔哩哔哩创作中心,37090048
别赖了马师傅,405612476,哔哩哔哩智能机,12076317
Air-China徐通,549751829,LIM-CSPOV,372881010
Air-China徐通,549751829,哔哩哔哩直播,9617619
Air-China徐通,549751829,是瑶瑶呐_,31659183
Air-China徐通,549751829,俊鸿,46508980
Air-China徐通,549751829,马哥巨离谱,298054634
Air-China徐通,549751829,张照洋,1475294799
Air-China徐通,549751829,野球帝周嘉豪,691653477
Air-China徐通,549751829,官方认证小助手,320840078
Air-China徐通,549751829,张晓松_,24219397
Air-China徐通,549751829,刘守元_,1755748572
Air-China徐通,549751829,野球帝-陈一帆,395956483
Air-China徐通,549751829,AirChina韩雨洋,427314035
Air-China徐通,549751829,超绝可爱激大励,473222648
Air-China徐通,549751829,野球帝逗师傅,522040394
Air-China徐通,549751829,李峙锦hyperkiller,631586576
Air-China徐通,549751829,风一样的男子_郭小洋,628897896
Air-China徐通,549751829,胖哥球鞋故事,631631531
Air-China徐通,549751829,是郭雨妍,631583544
Air-China徐通,549751829,赖益烨_,372185944
Air-China徐通,549751829,超级草根郭师傅,479342898
Air-China徐通,549751829,超级草根魏师傅呀,437911517
Air-China徐通,549751829,超级草根_王师傅,433456003
Air-China徐通,549751829,别赖了马师傅,405612476
Air-China徐通,549751829,李观洋,39733139
Air-China徐通,549751829,野球帝,170801610
野球帝周嘉豪,691653477,COURTMAN_筱雅,3493082569902656
野球帝周嘉豪,691653477,陳国豪i,2099377127
野球帝周嘉豪,691653477,WHIZZY11,361757209
野球帝周嘉豪,691653477,哔哩哔哩英雄联盟赛事,50329118
野球帝周嘉豪,691653477,华为,578227337
野球帝周嘉豪,691653477,孙那个鹏,1267890989
野球帝周嘉豪,691653477,黄文祺,520295094
野球帝周嘉豪,691653477,官方认证小助手,320840078
野球帝周嘉豪,691653477,是瑶瑶呐_,31659183
野球帝周嘉豪,691653477,杨策YC1,1130114889
野球帝周嘉豪,691653477,fhutxchh,2036784596
野球帝周嘉豪,691653477,胖哥球鞋故事,631631531
野球帝周嘉豪,691653477,云视听小电视-TV,492840942
野球帝周嘉豪,691653477,张晓松_,24219397
野球帝周嘉豪,691653477,野球帝逗师傅,522040394
野球帝周嘉豪,691653477,风一样的男子_郭小洋,628897896
野球帝周嘉豪,691653477,野球帝-陈一帆,395956483
野球帝周嘉豪,691653477,BlackBoy127,82671267
野球帝周嘉豪,691653477,哔哩哔哩大会员,321173469
野球帝周嘉豪,691653477,俊鸿,46508980
野球帝周嘉豪,691653477,花火招财喵,495535252
野球帝周嘉豪,691653477,超绝可爱激大励,473222648
野球帝周嘉豪,691653477,王贺还在努力,485640409
野球帝周嘉豪,691653477,张照洋,1475294799
野球帝周嘉豪,691653477,Air-China徐通,549751829
野球帝周嘉豪,691653477,刘守元_,1755748572
野球帝周嘉豪,691653477,王秋男,277821230
野球帝周嘉豪,691653477,李峙锦hyperkiller,631586576
野球帝周嘉豪,691653477,是郭雨妍,631583544
野球帝周嘉豪,691653477,别赖了马师傅,405612476
野球帝周嘉豪,691653477,超级草根魏师傅呀,437911517
野球帝周嘉豪,691653477,赖益烨_,372185944
野球帝周嘉豪,691653477,超级草根郭师傅,479342898
野球帝周嘉豪,691653477,李观洋,39733139
野球帝周嘉豪,691653477,野球帝,170801610
野球帝周嘉豪,691653477,超级草根_王师傅,433456003
野球帝周嘉豪,691653477,哔哩哔哩创作中心,37090048
悬赏小管家,686150641,英特尔中国,511744123
悬赏小管家,686150641,京东电器,79955050
悬赏小管家,686150641,AI-Talk,405083326
悬赏小管家,686150641,eSheep_电子羊,1693856846
悬赏小管家,686150641,林亦LYi,4401694
悬赏小管家,686150641,瞎问虾猜丶,646732586
悬赏小管家,686150641,亿点点不一样,407054668
悬赏小管家,686150641,@黎之恒,12330804
悬赏小管家,686150641,达尔闻,430777205
悬赏小管家,686150641,小jason整小活儿,22020402
悬赏小管家,686150641,若琪Rokid,314358436
悬赏小管家,686150641,晚点LatePost,478559884
悬赏小管家,686150641,602studio,1648997610
悬赏小管家,686150641,贤宝宝Baby,3957971
悬赏小管家,686150641,漠☆漠,2378908
悬赏小管家,686150641,Ksr桑,1848018
悬赏小管家,686150641,王朝1982,197703608
悬赏小管家,686150641,jewel梦工厂,43481203
悬赏小管家,686150641,闲人王昱珩,487435226
悬赏小管家,686150641,小椰子专栏,30947486
悬赏小管家,686150641,绫人太太啊,11131476
悬赏小管家,686150641,vivo,352063206
悬赏小管家,686150641,伊利,1422337450
悬赏小管家,686150641,零跑汽车Leapmotor,395854973
悬赏小管家,686150641,大家的音乐机,32708543
悬赏小管家,686150641,农业银行信用卡,1863894913
悬赏小管家,686150641,新华社,473837611
悬赏小管家,686150641,酷雪glacial_spa,1020211368
悬赏小管家,686150641,优酸乳,628599946
悬赏小管家,686150641,小剧场台柱子,439270509
悬赏小管家,686150641,才疏学浅的才浅,2200736
悬赏小管家,686150641,洛温阿特金森,30222764
悬赏小管家,686150641,现代汽车中国,697164042
悬赏小管家,686150641,支付宝Alipay,420831218
悬赏小管家,686150641,MIH,15680
悬赏小管家,686150641,超绝可爱激大励,473222648
悬赏小管家,686150641,京东,383666009
悬赏小管家,686150641,哔哩哔哩智能机,12076317
悬赏小管家,686150641,京东健康,1775691673
悬赏小管家,686150641,贝拉kira,672353429
悬赏小管家,686150641,腾讯小鹅拼拼,628826258
悬赏小管家,686150641,龙角散官方,605487280
悬赏小管家,686150641,一念逍遥手游,558205781
悬赏小管家,686150641,唯品会,1464627422
悬赏小管家,686150641,英伟达GeForce,485703766
悬赏小管家,686150641,洁柔,1010203255
悬赏小管家,686150641,坎公骑冠剑,384136794
悬赏小管家,686150641,赛博星人科技汪,394205865
悬赏小管家,686150641,追觅科技,601651357
悬赏小管家,686150641,下班被游戏打,32708316
悬赏小管家,686150641,光与夜之恋,434391603
悬赏小管家,686150641,核动力路灯,5878572
悬赏小管家,686150641,原神,401742377
悬赏小管家,686150641,哔哩哔哩会员购,174501086
悬赏小管家,686150641,哔哩哔哩大会员,321173469
悬赏小管家,686150641,叨叨雅Alen,1991543668
悬赏小管家,686150641,哔哩哔哩商业动态,278898145
悬赏小管家,686150641,吮指美食研究员,491461718
悬赏小管家,686150641,哔斯卡金像奖,32708626
悬赏小管家,686150641,傲娇的时尚喵,32708726
悬赏小管家,686150641,好奇星人知识喵,517491339
悬赏小管家,686150641,哔哩哔哩创作中心,37090048
孙那个鹏,1267890989,No-Solution篮球,511575069
孙那个鹏,1267890989,我叫孙火旺,586789337
孙那个鹏,1267890989,bili_3546579445221906,3546579445221906
孙那个鹏,1267890989,龙虎格斗Arlo,3494365175483192
孙那个鹏,1267890989,数学为王时代,3546675748538469
孙那个鹏,1267890989,伤心欲茄222,3493260618106936
孙那个鹏,1267890989,老黎和小黎,433136184
孙那个鹏,1267890989,汽车人老徐,433529460
孙那个鹏,1267890989,糖匠大老李,31771471
孙那个鹏,1267890989,小张再次出发,385889545
孙那个鹏,1267890989,恩惜爸爸拼命努力,3537110241905595
孙那个鹏,1267890989,球场脏无忌,1639855255
孙那个鹏,1267890989,脊医博士鹏哥,408907896
孙那个鹏,1267890989,在在在这里啊,386827273
孙那个鹏,1267890989,寻医记,586852307
孙那个鹏,1267890989,一波说酒,1717082507
孙那个鹏,1267890989,AI一叶扁舟,1492237636
孙那个鹏,1267890989,猴公爵,700885612
孙那个鹏,1267890989,只想安静恰番,620428819
孙那个鹏,1267890989,跟着Giovana地道学英语,2135839710
孙那个鹏,1267890989,哔哩哔哩直播,9617619
孙那个鹏,1267890989,一文炮br,360183037
孙那个鹏,1267890989,派森乐队-Poison,3494373949966680
孙那个鹏,1267890989,大聖JORDAN,9218009
孙那个鹏,1267890989,王德峰,514924891
孙那个鹏,1267890989,拳击张志磊,1984055699
孙那个鹏,1267890989,UP主发电机,1453409239
孙那个鹏,1267890989,马克油画,1480357573
孙那个鹏,1267890989,TheRock_Johnson,455876411
孙那个鹏,1267890989,凯圣王,2100737396
孙那个鹏,1267890989,音频老怪讲故事,1712664910
孙那个鹏,1267890989,李维刚的日常,3493260093819171
孙那个鹏,1267890989,陳国豪i,2099377127
孙那个鹏,1267890989,高尔夫教练童孝文,508026522
孙那个鹏,1267890989,高提士高尔夫教学,479707159
孙那个鹏,1267890989,李观洋,39733139
孙那个鹏,1267890989,张照洋,1475294799
孙那个鹏,1267890989,好运气王,3493093481384541
孙那个鹏,1267890989,Champ教练的精神氮泵,340529477
孙那个鹏,1267890989,HCL官方中文站,254566727
孙那个鹏,1267890989,凯瑞图Carry2,329096565
孙那个鹏,1267890989,艺能人金广发,38157763
孙那个鹏,1267890989,ENZO1204,177699597
孙那个鹏,1267890989,阿照路线规划,389158539
孙那个鹏,1267890989,皓篮球,1273265116
孙那个鹏,1267890989,翻译小余,346835669
孙那个鹏,1267890989,Telfair童,24524783
孙那个鹏,1267890989,大司马工作室,244144308
孙那个鹏,1267890989,Vas-y姐们儿,3493081175296945
孙那个鹏,1267890989,阿展ginger,5368952
孙那个鹏,1267890989,CBA南京同曦篮球俱乐部,1964501973
孙那个鹏,1267890989,邵艾伦Alan,4029133
孙那个鹏,1267890989,雨说体育徐静雨,306936843
孙那个鹏,1267890989,兰林汉的粉丝,226661554
孙那个鹏,1267890989,小Lin说,520819684
孙那个鹏,1267890989,哔哩哔哩大会员,321173469
孙那个鹏,1267890989,CmoStar电影厂,430510309
孙那个鹏,1267890989,Mandell博士,1473247194
孙那个鹏,1267890989,王尼玛,21031789
孙那个鹏,1267890989,SevenCourt,1925622160
孙那个鹏,1267890989,带来欢乐的小白呀,11632773
孙那个鹏,1267890989,花火招财喵,495535252
孙那个鹏,1267890989,野球帝-陈一帆,395956483
孙那个鹏,1267890989,王越真帅美男越越,287606909
孙那个鹏,1267890989,官方认证小助手,320840078
孙那个鹏,1267890989,刘守元_,1755748572
孙那个鹏,1267890989,体育课代表,477322873
孙那个鹏,1267890989,超绝可爱激大励,473222648
孙那个鹏,1267890989,野球帝逗师傅,522040394
孙那个鹏,1267890989,超级草根郭师傅,479342898
孙那个鹏,1267890989,超级草根魏师傅呀,437911517
孙那个鹏,1267890989,超级草根_王师傅,433456003
孙那个鹏,1267890989,野球帝,170801610
孙那个鹏,1267890989,向紫龙,413652151
孙那个鹏,1267890989,哔哩哔哩创作中心,37090048
是郭雨妍,631583544,超绝可爱激大励,473222648
是郭雨妍,631583544,超级草根,3546593842170195
是郭雨妍,631583544,黄文祺,520295094
是郭雨妍,631583544,AirChina杨浩,1385783859
是郭雨妍,631583544,张晓松_,24219397
是郭雨妍,631583544,胖哥球鞋故事,631631531
是郭雨妍,631583544,风一样的男子_郭小洋,628897896
是郭雨妍,631583544,王秋男,277821230
是郭雨妍,631583544,野球帝周嘉豪,691653477
是郭雨妍,631583544,野球帝-陈一帆,395956483
是郭雨妍,631583544,刘守元_,1755748572
是郭雨妍,631583544,Air-China徐通,549751829
是郭雨妍,631583544,李观洋,39733139
是郭雨妍,631583544,赖益烨_,372185944
是郭雨妍,631583544,别赖了马师傅,405612476
是郭雨妍,631583544,野球帝逗师傅,522040394
是郭雨妍,631583544,野球帝,170801610
风一样的男子_郭小洋,628897896,草原二蛋,517694777
风一样的男子_郭小洋,628897896,UP主发电机,1453409239
风一样的男子_郭小洋,628897896,超级草根,3546593842170195
风一样的男子_郭小洋,628897896,花火招财喵,495535252
风一样的男子_郭小洋,628897896,雨说体育徐静雨,306936843
风一样的男子_郭小洋,628897896,Telfair童,24524783
风一样的男子_郭小洋,628897896,阿斗归来了,21837784
风一样的男子_郭小洋,628897896,白东洋,1793966190
风一样的男子_郭小洋,628897896,吴彦祖秃顶版,411379495
风一样的男子_郭小洋,628897896,吸奇侠,414350632
风一样的男子_郭小洋,628897896,黄文祺,520295094
风一样的男子_郭小洋,628897896,张晓松_,24219397
风一样的男子_郭小洋,628897896,杨策YC1,1130114889
风一样的男子_郭小洋,628897896,店长盖伦,366901417
风一样的男子_郭小洋,628897896,农家老赵,555396508
风一样的男子_郭小洋,628897896,红警HBK08,1629347259
风一样的男子_郭小洋,628897896,刘守元_,1755748572
风一样的男子_郭小洋,628897896,红警魔鬼蓝天,483246073
风一样的男子_郭小洋,628897896,帅soserious,66391032
风一样的男子_郭小洋,628897896,俊鸿,46508980
风一样的男子_郭小洋,628897896,胖龙的小生活,649661652
风一样的男子_郭小洋,628897896,田野上的繁荣,588278127
风一样的男子_郭小洋,628897896,徐大sao,390461123
风一样的男子_郭小洋,628897896,野球帝-陈一帆,395956483
风一样的男子_郭小洋,628897896,翻车_哥,366989385
风一样的男子_郭小洋,628897896,AirChina韩雨洋,427314035
风一样的男子_郭小洋,628897896,AirChina杨浩,1385783859
风一样的男子_郭小洋,628897896,是郭雨妍,631583544
风一样的男子_郭小洋,628897896,超绝可爱激大励,473222648
风一样的男子_郭小洋,628897896,秋秋和老魏,523320861
风一样的男子_郭小洋,628897896,李观洋,39733139
风一样的男子_郭小洋,628897896,赖益烨_,372185944
风一样的男子_郭小洋,628897896,别赖了马师傅,405612476
风一样的男子_郭小洋,628897896,哔哩哔哩创作中心,37090048
风一样的男子_郭小洋,628897896,超级草根郭师傅,479342898
风一样的男子_郭小洋,628897896,野球帝逗师傅,522040394
风一样的男子_郭小洋,628897896,超级草根魏师傅呀,437911517
风一样的男子_郭小洋,628897896,超级草根_王师傅,433456003
风一样的男子_郭小洋,628897896,野球帝,170801610
